<?xml version="1.0" encoding="UTF-8" standalone="yes"?>
<root>
    <id>4108</id>
    <restaurant_id>4172</restaurant_id>
    <active>true</active>
    <currency>USD</currency>
    <category>
        <id>14937</id>
        <menu_id>4108</menu_id>
        <name>Pizza</name>
        <active>true</active>
        <active_begin/>
        <active_end/>
        <active_days>127</active_days>
        <picture_id>2939</picture_id>
        <item>
            <id>58424</id>
            <menu_category_id>14937</menu_category_id>
            <name>Pizza Margherita</name>
            <description>(tomato sauce, cheese)</description>
            <price>7</price>
            <active>true</active>
            <active_begin/>
            <active_end/>
            <active_days>127</active_days>
            <sizes>
                <id>37086</id>
                <menu_item_id>58424</menu_item_id>
                <name>Small</name>
                <price>0</price>
                <default>true</default>
                <group>
                    <id>16978</id>
                    <menu_id>4108</menu_id>
                    <name>Extra Toppings (Small)</name>
                    <required>false</required>
                    <force_min>1</force_min>
                    <force_max>1</force_max>
                    <allow_quantity>false</allow_quantity>
                    <option>
                        <id>51188</id>
                        <option_group_id>16978</option_group_id>
                        <name>Corn</name>
                        <price>0.7</price>
                        <default>false</default>
                    </option>
                    <option>
                        <id>51189</id>
                        <option_group_id>16978</option_group_id>
                        <name>Extra mozzarella</name>
                        <price>1.2</price>
                        <default>false</default>
                    </option>
                </group>
            </sizes>
            <sizes>
                <id>37087</id>
                <menu_item_id>58424</menu_item_id>
                <name>Large</name>
                <price>2</price>
                <default>false</default>
                <group>
                    <id>16979</id>
                    <menu_id>4108</menu_id>
                    <name>Extra Toppings (Large)</name>
                    <required>false</required>
                    <force_min>1</force_min>
                    <force_max>1</force_max>
                    <allow_quantity>false</allow_quantity>
                    <option>
                        <id>51190</id>
                        <option_group_id>16979</option_group_id>
                        <name>Corn</name>
                        <price>1.2</price>
                        <default>false</default>
                    </option>
                    <option>
                        <id>51191</id>
                        <option_group_id>16979</option_group_id>
                        <name>Extra mozzarella</name>
                        <price>1.7</price>
                        <default>false</default>
                    </option>
                </group>
            </sizes>
        </item>
        <item>
            <id>58425</id>
            <menu_category_id>14937</menu_category_id>
            <name>Pizza Prosciutto</name>
            <description>(tomato sauce, cheese, ham)</description>
            <price>8</price>
            <active>true</active>
            <active_begin/>
            <active_end/>
            <active_days>127</active_days>
            <sort>0</sort>
            <sizes>
                <id>37088</id>
                <menu_item_id>58425</menu_item_id>
                <name>Small</name>
                <price>0</price>
                <default>true</default>
                <group>
                    <id>16978</id>
                    <menu_id>4108</menu_id>
                    <name>Extra Toppings (Small)</name>
                    <required>false</required>
                    <force_min>1</force_min>
                    <force_max>1</force_max>
                    <allow_quantity>false</allow_quantity>
                    <option>
                        <id>51188</id>
                        <option_group_id>16978</option_group_id>
                        <name>Corn</name>
                        <price>0.7</price>
                        <default>false</default>
                    </option>
                    <option>
                        <id>51189</id>
                        <option_group_id>16978</option_group_id>
                        <name>Extra mozzarella</name>
                        <price>1.2</price>
                        <default>false</default>
                    </option>
                </group>
            </sizes>
            <sizes>
                <id>37089</id>
                <menu_item_id>58425</menu_item_id>
                <name>Large</name>
                <price>2</price>
                <default>false</default>
                <group>
                    <id>16979</id>
                    <menu_id>4108</menu_id>
                    <name>Extra Toppings (Large)</name>
                    <required>false</required>
                    <force_min>1</force_min>
                    <force_max>1</force_max>
                    <allow_quantity>false</allow_quantity>
                    <option>
                        <id>51190</id>
                        <option_group_id>16979</option_group_id>
                        <name>Corn</name>
                        <price>1.2</price>
                        <default>false</default>
                    </option>
                    <option>
                        <id>51191</id>
                        <option_group_id>16979</option_group_id>
                        <name>Extra mozzarella</name>
                        <price>1.7</price>
                        <default>false</default>
                    </option>
                </group>
            </sizes>
        </item>
        <group>
            <id>16977</id>
            <menu_id>4108</menu_id>
            <name>Crust</name>
            <sort>0</sort>
            <required>true</required>
            <force_min>1</force_min>
            <force_max>1</force_max>
            <allow_quantity>false</allow_quantity>
            <option>
                <id>51186</id>
                <option_group_id>16977</option_group_id>
                <name>Fluffy</name>
                <price>0</price>
                <default>true</default>
            </option>
            <option>
                <id>51187</id>
                <option_group_id>16977</option_group_id>
                <name>Crispy</name>
                <price>0</price>
                <default>false</default>
            </option>
        </group>
    </category>
    <category>
        <id>14938</id>
        <menu_id>4108</menu_id>
        <name>Pasta</name>
        <active>true</active>
        <active_begin/>
        <active_end/>
        <active_days>127</active_days>
        <sort>0</sort>
        <picture_id>2967</picture_id>
        <item>
            <id>58426</id>
            <menu_category_id>14938</menu_category_id>
            <name>Spaghetti Bolognese</name>
            <description/>
            <price>9</price>
            <active>true</active>
            <active_begin/>
            <active_end/>
            <active_days>127</active_days>
            <sort>0</sort>
        </item>
        <item>
            <id>58427</id>
            <menu_category_id>14938</menu_category_id>
            <name>Spaghetti Frutti di Mare</name>
            <description>(with sea food)</description>
            <price>12</price>
            <active>true</active>
            <active_begin/>
            <active_end/>
            <active_days>127</active_days>
            <sort>0</sort>
        </item>
    </category>
</root>
