{
  "count": 1,
  "orders": [
    {
      "coupons": [],
      "tax_list": [
        {
          "type": "delivery_fee",
          "value": 1.6,
          "rate": 0.19
        },
        {
          "type": "tip",
          "value": 0.6,
          "rate": 0.19
        },
        {
          "type": "item",
          "value": 4.37,
          "rate": 0.19
        },
        {
          "type": "fees_discounts_subtotal",
          "value": 1.60,
          "rate": 0.19
        },
        {
          "type": "service_fee_total",
          "value": 3.20,
          "rate": 0.19
        }
      ],
      "id": 6819,
      "total_price": 41.14,
      "sub_total_price": 27.4,
      "tax_value": 6.57,
      "persons": 0,
      "latitude": "53.32016595583847",
      "longitude": "-6.394491487835694",
      "client_first_name": "John",
      "client_last_name": "Doe",
      "client_email": "john.doe@gmail.com",
      "client_phone": "+12126871225",
      "restaurant_name": "Pronto",
      "instructions": null,
      "currency": "EUR",
      "type": "delivery",
      "status": "accepted",
      "missed_reason": null,
      "source": "admin",
      "pin_skipped": false,
      "accepted_at": "2019-05-29T14:51:52.000Z",
      "tax_type": "GROSS",
      "tax_name": "VAT",
      "fulfill_at": "2019-05-29T15:46:52.000Z",
      "updated_at": "2019-05-29T15:46:52.000Z",
      "reference": null,
      "restaurant_id": 195,
      "client_id": 756,
      "restaurant_phone": "+3532983027",
      "restaurant_timezone": "Europe/Dublin",
      "company_account_id": 100195,
      "pos_system_id": 28,
      "restaurant_key": "bvvZ3913t1cJRf8HA5OxvO2FjiSmExSly",
      "restaurant_country": "Ireland",
      "restaurant_city": "Dublin",
      "restaurant_state": "Dublin",
      "restaurant_zipcode": "031534",
      "restaurant_street": "main street 1",
      "restaurant_latitude": "53.28782521356338",
      "restaurant_longitude": "-6.359779471163961",
      "restaurant_token": "TOKEN",
      "api_version": 2,
      "payment": "ONLINE",
      "for_later": false,
      "fulfillment_option": null,
      "client_marketing_consent": true,
      "client_address": "Main street 5, Dublin",
      "client_address_parts": {
        "street": "Main street 5",
        "city": "Dublin"
      },
      "items": [
        {
          "id": 27187,
          "name": "DELIVERY_FEE",
          "total_item_price": 10,
          "price": 10,
          "quantity": 1,
          "instructions": null,
          "type": "delivery_fee",
          "type_id": 514,
          "tax_rate": 0.19,
          "tax_value": 1.5966,
          "parent_id": null,
          "item_discount": 0,
          "cart_discount_rate": 0,
          "cart_discount": 0,
          "tax_type": "GROSS",
          "options": []
        },
        {
          "id": 27188,
          "name": "TIP",
          "total_item_price": 3.74,
          "price": 3.74,
          "quantity": 1,
          "instructions": null,
          "type": "tip",
          "type_id": null,
          "tax_rate": 0.19,
          "tax_value": 0.5971,
          "parent_id": null,
          "item_discount": 0,
          "cart_discount_rate": 0,
          "cart_discount": 0,
          "tax_type": "GROSS",
          "options": []
        },
        {
          "id": 27189,
          "name": "Pizza Margherita",
          "total_item_price": 20.4,
          "price": 7,
          "quantity": 2,
          "instructions": "No pepper please",
          "type": "item",
          "type_id": 841,
          "tax_rate": 0.19,
          "tax_value": 2.4304,
          "parent_id": null,
          "item_discount": 0,
          "cart_discount_rate": 0.15432,
          "cart_discount": 3.15,
          "tax_type": "GROSS",
          "options": [
            {
              "id": 20094,
              "name": "Large",
              "price": 2,
              "group_name": "Size",
              "quantity": 1,
              "type": "size",
              "type_id": 798
            },
            {
              "id": 20095,
              "name": "Extra mozzarella",
              "price": 1.2,
              "group_name": "Extra Toppings (Small)",
              "quantity": 1,
              "type": "option",
              "type_id": 1187
            }
          ]
        },
        {
          "id": 27190,
          "name": "5$ off total for first time clients",
          "total_item_price": 0,
          "price": 0,
          "quantity": 1,
          "instructions": null,
          "type": "promo_cart",
          "type_id": 226,
          "tax_rate": 0,
          "tax_value": 0,
          "parent_id": null,
          "item_discount": 5,
          "cart_discount_rate": 0.15432,
          "cart_discount": -5,
          "tax_type": "GROSS",
          "coupon": "MQGTLWWLGQRE",
          "options": []
        },
        {
          "id": 27191,
          "name": "Spaghetti Frutti di Mare",
          "total_item_price": 12,
          "price": 12,
          "quantity": 1,
          "instructions": "",
          "type": "item",
          "type_id": 844,
          "tax_rate": 0.19,
          "tax_value": 0,
          "parent_id": 27192,
          "item_discount": 12,
          "cart_discount_rate": 0.15432,
          "cart_discount": 0,
          "tax_type": "GROSS",
          "options": []
        },
        {
          "id": 27192,
          "name": "Buy one get other free",
          "total_item_price": 24,
          "price": 0,
          "quantity": 1,
          "instructions": null,
          "type": "promo_item",
          "type_id": 225,
          "tax_rate": 0,
          "tax_value": 0,
          "parent_id": null,
          "item_discount": 12,
          "cart_discount_rate": 0.15432,
          "cart_discount": 1.85,
          "tax_type": "GROSS",
          "coupon": "9VKHM77MZ434",
          "options": []
        },
        {
          "id": 27193,
          "name": "Spaghetti Frutti di Mare",
          "total_item_price": 12,
          "price": 12,
          "quantity": 1,
          "instructions": "",
          "type": "item",
          "type_id": 844,
          "tax_rate": 0.19,
          "tax_value": 1.6203,
          "parent_id": 27192,
          "item_discount": 0,
          "cart_discount_rate": 0.15432,
          "cart_discount": 1.85,
          "tax_type": "GROSS",
          "options": []
        },
        {
          "id": 27194,
          "name": "Free drink on any order $30+",
          "total_item_price": 5,
          "price": 0,
          "quantity": 1,
          "instructions": null,
          "type": "promo_cart_item",
          "type_id": 228,
          "tax_rate": 0,
          "tax_value": 0,
          "parent_id": null,
          "item_discount": 5,
          "cart_discount_rate": 0.15432,
          "cart_discount": 0,
          "tax_type": "GROSS",
          "options": []
        },
        {
          "id": 27195,
          "name": "Cola",
          "total_item_price": 5,
          "price": 5,
          "quantity": 1,
          "instructions": "",
          "type": "item",
          "type_id": 2716,
          "tax_rate": 0.19,
          "tax_value": 0,
          "parent_id": 27194,
          "item_discount": 5,
          "cart_discount_rate": 0.15432,
          "cart_discount": 0,
          "tax_type": "GROSS",
          "options": [
            {
              "id": 20096,
              "name": "Cola light",
              "price": 0,
              "group_name": "Which cola",
              "quantity": 1,
              "type": "option",
              "type_id": 3873
            }
          ]
        },
        {
          "id": 27196,
          "name": "Service fee subtotal 1",
          "total_item_price": 5,
          "price": 5,
          "quantity": 1,
          "instructions": null,
          "type": "service_fee_subtotal",
          "type_id": 123,
          "tax_rate": 0.19,
          "tax_value": 1.5966,
          "parent_id": null,
          "item_discount": 0,
          "cart_discount_rate": 0,
          "cart_discount": 0,
          "tax_type": "GROSS",
          "options": []
        },
        {
          "id": 27197,
          "name": "Service fee subtotal 2",
          "total_item_price": 5,
          "price": 5,
          "quantity": 1,
          "instructions": null,
          "type": "service_fee_subtotal",
          "type_id": 125,
          "tax_rate": 0.19,
          "tax_value": 0.7983,
          "parent_id": null,
          "item_discount": 0,
          "cart_discount_rate": 0,
          "cart_discount": 0,
          "tax_type": "GROSS",
          "options": []
        },
        {
          "id": 27198,
          "name": "Cash discount",
          "total_item_price": -5,
          "price": -5,
          "quantity": 1,
          "instructions": null,
          "type": "cash_discount",
          "type_id": 125,
          "tax_rate": 0.19,
          "tax_value": 0.7983,
          "parent_id": null,
          "item_discount": 0,
          "cart_discount_rate": 0,
          "cart_discount": 0,
          "tax_type": "GROSS",
          "options": []
        },
        {
          "id": 27199,
          "name": "Service fee total",
          "total_item_price": 20,
          "price": 20,
          "quantity": 1,
          "instructions": null,
          "type": "service_fee_total",
          "type_id": 514,
          "tax_rate": 0.19,
          "tax_value": 3.1932,
          "parent_id": null,
          "item_discount": 0,
          "cart_discount_rate": 0,
          "cart_discount": 0,
          "tax_type": "GROSS",
          "options": []
        }
      ]
    }
  ]
}
