{
  "count": 1,
  "orders": [
    {
      "coupons": [],
      "tax_list": [
        {
          "type": "delivery_fee",
          "value": 1.9,
          "rate": 0.19
        },
        {
          "type": "tip",
          "value": 1.1,
          "rate": 0.19
        },
        {
          "type": "item",
          "value": 9.08,
          "rate": 0.19
        },
        {
          "type": "fees_discounts_subtotal",
          "value": 1.90,
          "rate": 0.19
        },
        {
          "type": "service_fee_total",
          "value": 3.80,
          "rate": 0.19
        }
      ],
      "id": 6816,
      "total_price": 75.66,
      "sub_total_price": 47.8,
      "tax_value": 12.08,
      "persons": 0,
      "latitude": "40.802554599183225",
      "longitude": "-73.9407224846558",
      "client_first_name": "John",
      "client_last_name": "Doe",
      "client_email": "john.doe@gmail.com",
      "client_phone": "+12126871225",
      "restaurant_name": "Pronto",
      "instructions": "Please call when you arrive at the gate",
      "currency": "USD",
      "type": "delivery",
      "status": "accepted",
      "missed_reason": null,
      "source": "admin",
      "pin_skipped": false,
      "accepted_at": "2019-05-29T14:45:19.000Z",
      "tax_type": "NET",
      "tax_name": "Sales tax",
      "fulfill_at": "2019-05-29T15:40:19.000Z",
      "updated_at": "2019-05-29T15:40:19.000Z",
      "reference": null,
      "restaurant_id": 195,
      "client_id": 756,
      "restaurant_phone": "+12126871145",
      "restaurant_timezone": "America/New_York",
      "company_account_id": 100195,
      "pos_system_id": 28,
      "restaurant_key": "bvvZ3913t1cJRf8HA5OxvO2FjiSmExSly",
      "restaurant_country": "United States",
      "restaurant_city": "Manhattan",
      "restaurant_state": "New York",
      "restaurant_zipcode": "031534",
      "restaurant_street": "Park avenue 78",
      "restaurant_latitude": "40.75009928615015",
      "restaurant_longitude": "-73.97940823862302",
      "restaurant_token": "TOKEN",
      "api_version": 2,
      "payment": "ONLINE",
      "for_later": false,
      "fulfillment_option": null,
      "client_marketing_consent": true,
      "client_address": "Park avenue 121, Manhattan",
      "client_address_parts": {
        "street": "Park avenue 121",
        "city": "Manhattan"
      },
      "items": [
        {
          "id": 27160,
          "name": "DELIVERY_FEE",
          "total_item_price": 10,
          "price": 10,
          "quantity": 1,
          "instructions": null,
          "type": "delivery_fee",
          "type_id": null,
          "tax_rate": 0.19,
          "tax_value": 1.9,
          "parent_id": null,
          "item_discount": 0,
          "cart_discount_rate": 0,
          "cart_discount": 0,
          "tax_type": "NET",
          "options": []
        },
        {
          "id": 27161,
          "name": "TIP",
          "total_item_price": 6.88,
          "price": 6.88,
          "quantity": 1,
          "instructions": null,
          "type": "tip",
          "type_id": null,
          "tax_rate": 0.19,
          "tax_value": 1.0985,
          "parent_id": null,
          "item_discount": 0,
          "cart_discount_rate": 0,
          "cart_discount": 0,
          "tax_type": "GROSS",
          "options": []
        },
        {
          "id": 27162,
          "name": "Pizza Margherita",
          "total_item_price": 40.8,
          "price": 7,
          "quantity": 4,
          "instructions": "No pepper please",
          "type": "item",
          "type_id": 841,
          "tax_rate": 0.19,
          "tax_value": 6.1923,
          "parent_id": null,
          "item_discount": 0,
          "cart_discount_rate": 0.0947,
          "cart_discount": 3.86,
          "tax_type": "NET",
          "options": [
            {
              "id": 20085,
              "name": "Large",
              "price": 2,
              "group_name": "Size",
              "quantity": 1,
              "type": "size",
              "type_id": 798
            },
            {
              "id": 20086,
              "name": "Extra mozzarella",
              "price": 1.2,
              "group_name": "Extra Toppings (Small)",
              "quantity": 1,
              "type": "option",
              "type_id": 1187
            }
          ]
        },
        {
          "id": 27163,
          "name": "5$ off total for first time clients",
          "total_item_price": 0,
          "price": 0,
          "quantity": 1,
          "instructions": null,
          "type": "promo_cart",
          "type_id": 226,
          "tax_rate": 0,
          "tax_value": 0,
          "parent_id": null,
          "item_discount": 5,
          "cart_discount_rate": 0.0947,
          "cart_discount": -5,
          "tax_type": "NET",
          "coupon": "MQGTLWWLGQRE",
          "options": []
        },
        {
          "id": 27164,
          "name": "Free drink on any order $30+",
          "total_item_price": 5,
          "price": 0,
          "quantity": 1,
          "instructions": null,
          "type": "promo_cart_item",
          "type_id": 228,
          "tax_rate": 0,
          "tax_value": 0,
          "parent_id": null,
          "item_discount": 5,
          "cart_discount_rate": 0.0947,
          "cart_discount": 0,
          "tax_type": "NET",
          "options": []
        },
        {
          "id": 27165,
          "name": "Spaghetti Frutti di Mare",
          "total_item_price": 12,
          "price": 12,
          "quantity": 1,
          "instructions": "",
          "type": "item",
          "type_id": 844,
          "tax_rate": 0.19,
          "tax_value": 0,
          "parent_id": 27166,
          "item_discount": 12,
          "cart_discount_rate": 0.0947,
          "cart_discount": 0,
          "tax_type": "NET",
          "options": []
        },
        {
          "id": 27166,
          "name": "Buy one get other free",
          "total_item_price": 24,
          "price": 0,
          "quantity": 1,
          "instructions": null,
          "type": "promo_item",
          "type_id": 225,
          "tax_rate": 0,
          "tax_value": 0,
          "parent_id": null,
          "item_discount": 12,
          "cart_discount_rate": 0.0947,
          "cart_discount": 1.14,
          "tax_type": "NET",
          "coupon": "9VKHM77MZ434",
          "options": []
        },
        {
          "id": 27167,
          "name": "Spaghetti Frutti di Mare",
          "total_item_price": 12,
          "price": 12,
          "quantity": 1,
          "instructions": "",
          "type": "item",
          "type_id": 844,
          "tax_rate": 0.19,
          "tax_value": 2.0641,
          "parent_id": 27166,
          "item_discount": 0,
          "cart_discount_rate": 0.0947,
          "cart_discount": 1.14,
          "tax_type": "NET",
          "options": []
        },
        {
          "id": 27168,
          "name": "Cola",
          "total_item_price": 5,
          "price": 5,
          "quantity": 1,
          "instructions": "",
          "type": "item",
          "type_id": 2716,
          "tax_rate": 0.19,
          "tax_value": 0,
          "parent_id": 27164,
          "item_discount": 5,
          "cart_discount_rate": 0.0947,
          "cart_discount": 0,
          "tax_type": "NET",
          "options": [
            {
              "id": 20087,
              "name": "Cola light",
              "price": 0,
              "group_name": "Which cola",
              "quantity": 1,
              "type": "option",
              "type_id": 3873
            }
          ]
        },
        {
          "id": 27196,
          "name": "Service fee subtotal 1",
          "total_item_price": 5,
          "price": 5,
          "quantity": 1,
          "instructions": null,
          "type": "service_fee_subtotal",
          "type_id": 123,
          "tax_rate": 0.19,
          "tax_value": 1.900,
          "parent_id": null,
          "item_discount": 0,
          "cart_discount_rate": 0,
          "cart_discount": 0,
          "tax_type": "NET",
          "options": []
        },
        {
          "id": 27197,
          "name": "Service fee subtotal 2",
          "total_item_price": 5,
          "price": 5,
          "quantity": 1,
          "instructions": null,
          "type": "service_fee_subtotal",
          "type_id": 125,
          "tax_rate": 0.19,
          "tax_value": 0.9500,
          "parent_id": null,
          "item_discount": 0,
          "cart_discount_rate": 0,
          "cart_discount": 0,
          "tax_type": "NET",
          "options": []
        },
        {
          "id": 27198,
          "name": "Cash discount",
          "total_item_price": -5,
          "price": -5,
          "quantity": 1,
          "instructions": null,
          "type": "cash_discount",
          "type_id": 125,
          "tax_rate": 0.19,
          "tax_value": 0.9500,
          "parent_id": null,
          "item_discount": 0,
          "cart_discount_rate": 0,
          "cart_discount": 0,
          "tax_type": "NET",
          "options": []
        },
        {
          "id": 27199,
          "name": "Service fee total",
          "total_item_price": 20,
          "price": 20,
          "quantity": 1,
          "instructions": null,
          "type": "service_fee_total",
          "type_id": 514,
          "tax_rate": 0.19,
          "tax_value": 3.800,
          "parent_id": null,
          "item_discount": 0,
          "cart_discount_rate": 0,
          "cart_discount": 0,
          "tax_type": "NET",
          "options": []
        }
      ]
    }
  ]
}
