<?xml version="1.0" encoding="UTF-8" standalone="yes"?>
<root>
  <count>1</count>
  <order>
    <tax_list>
      <type>delivery_fee</type>
      <value>1.6</value>
      <rate>0.19</rate>
    </tax_list>
    <tax_list>
      <type>tip</type>
      <value>0.6</value>
      <rate>0.19</rate>
    </tax_list>
    <tax_list>
      <type>item</type>
      <value>4.37</value>
      <rate>0.19</rate>
    </tax_list>
    <tax_list>
      <type>fees_discounts_subtotal</type>
      <value>1.60</value>
      <rate>0.19</rate>
    </tax_list>
    <tax_list>
      <type>service_fee_total</type>
      <value>3.20</value>
      <rate>0.19</rate>
    </tax_list>
    <id>6819</id>
    <total_price>41.14</total_price>
    <sub_total_price>27.4</sub_total_price>
    <tax_value>6.57</tax_value>
    <persons>0</persons>
    <latitude>53.32016595583847</latitude>
    <longitude>-6.394491487835694</longitude>
    <client_first_name>John</client_first_name>
    <client_last_name>Doe</client_last_name>
    <client_email>john.doe@gmail.com</client_email>
    <client_phone>+12126871225</client_phone>
    <restaurant_name>Pronto</restaurant_name>
    <instructions/>
    <currency>EUR</currency>
    <type>delivery</type>
    <status>accepted</status>
    <missed_reason/>
    <source>admin</source>
    <pin_skipped>false</pin_skipped>
    <accepted_at>2019-05-29T14:51:52.000Z</accepted_at>
    <tax_type>GROSS</tax_type>
    <tax_name>VAT</tax_name>
    <fulfill_at>2019-05-29T15:46:52.000Z</fulfill_at>
    <updated_at>2019-05-29T15:46:52.000Z</updated_at>
    <reference/>
    <restaurant_id>195</restaurant_id>
    <client_id>756</client_id>
    <restaurant_phone>+3532983027</restaurant_phone>
    <restaurant_timezone>Europe/Dublin</restaurant_timezone>
    <company_account_id>100195</company_account_id>
    <pos_system_id>29</pos_system_id>
    <restaurant_key>LnCRs1RB9h91E27r5l4vvybBTkXIh7evG</restaurant_key>
    <restaurant_country>Ireland</restaurant_country>
    <restaurant_city>Dublin</restaurant_city>
    <restaurant_state>Dublin</restaurant_state>
    <restaurant_zipcode>031534</restaurant_zipcode>
    <restaurant_street>main street 1</restaurant_street>
    <restaurant_latitude>53.28782521356338</restaurant_latitude>
    <restaurant_longitude>-6.359779471163961</restaurant_longitude>
    <restaurant_token>TOKEN</restaurant_token>
    <api_version>2</api_version>
    <payment>ONLINE</payment>
    <for_later>false</for_later>
    <fulfillment_option>null</fulfillment_option>
    <client_marketing_consent>true</client_marketing_consent>
    <client_address>Main street 5, Dublin</client_address>
    <client_address_parts>
      <street>Main street 5</street>
      <city>Dublin</city>
    </client_address_parts>
    <item>
      <id>27187</id>
      <name>DELIVERY_FEE</name>
      <total_item_price>10</total_item_price>
      <price>10</price>
      <quantity>1</quantity>
      <instructions/>
      <type>delivery_fee</type>
      <type_id>514</type_id>
      <tax_rate>0.19</tax_rate>
      <tax_value>1.5966</tax_value>
      <parent_id/>
      <item_discount>0</item_discount>
      <cart_discount_rate>0</cart_discount_rate>
      <cart_discount>0</cart_discount>
      <tax_type>GROSS</tax_type>
    </item>
    <item>
      <id>27188</id>
      <name>TIP</name>
      <total_item_price>3.74</total_item_price>
      <price>3.74</price>
      <quantity>1</quantity>
      <instructions/>
      <type>tip</type>
      <type_id/>
      <tax_rate>0.19</tax_rate>
      <tax_value>0.5971</tax_value>
      <parent_id/>
      <item_discount>0</item_discount>
      <cart_discount_rate>0</cart_discount_rate>
      <cart_discount>0</cart_discount>
      <tax_type>GROSS</tax_type>
    </item>
    <item>
      <id>27189</id>
      <name>Pizza Margherita</name>
      <total_item_price>20.4</total_item_price>
      <price>7</price>
      <quantity>2</quantity>
      <instructions>No pepper please</instructions>
      <type>item</type>
      <type_id>841</type_id>
      <tax_rate>0.19</tax_rate>
      <tax_value>2.4304</tax_value>
      <parent_id/>
      <item_discount>0</item_discount>
      <cart_discount_rate>0.15432</cart_discount_rate>
      <cart_discount>3.15</cart_discount>
      <tax_type>GROSS</tax_type>
      <option>
        <id>20094</id>
        <name>Large</name>
        <price>2</price>
        <group_name>Size</group_name>
        <quantity>1</quantity>
        <type>size</type>
        <type_id>798</type_id>
      </option>
      <option>
        <id>20095</id>
        <name>Extra mozzarella</name>
        <price>1.2</price>
        <group_name>Extra Toppings (Small)</group_name>
        <quantity>1</quantity>
        <type>option</type>
        <type_id>1187</type_id>
      </option>
    </item>
    <item>
      <id>27190</id>
      <name>5$ off total for first time clients</name>
      <total_item_price>0</total_item_price>
      <price>0</price>
      <quantity>1</quantity>
      <instructions/>
      <type>promo_cart</type>
      <type_id>226</type_id>
      <tax_rate>0</tax_rate>
      <tax_value>0</tax_value>
      <parent_id/>
      <item_discount>5</item_discount>
      <cart_discount_rate>0.15432</cart_discount_rate>
      <cart_discount>-5</cart_discount>
      <tax_type>GROSS</tax_type>
      <coupon>MQGTLWWLGQRE</coupon>
    </item>
    <item>
      <id>27191</id>
      <name>Spaghetti Frutti di Mare</name>
      <total_item_price>12</total_item_price>
      <price>12</price>
      <quantity>1</quantity>
      <instructions/>
      <type>item</type>
      <type_id>844</type_id>
      <tax_rate>0.19</tax_rate>
      <tax_value>0</tax_value>
      <parent_id>27192</parent_id>
      <item_discount>12</item_discount>
      <cart_discount_rate>0.15432</cart_discount_rate>
      <cart_discount>0</cart_discount>
      <tax_type>GROSS</tax_type>
    </item>
    <item>
      <id>27192</id>
      <name>Buy one get other free</name>
      <total_item_price>24</total_item_price>
      <price>0</price>
      <quantity>1</quantity>
      <instructions/>
      <type>promo_item</type>
      <type_id>225</type_id>
      <tax_rate>0</tax_rate>
      <tax_value>0</tax_value>
      <parent_id/>
      <item_discount>12</item_discount>
      <cart_discount_rate>0.15432</cart_discount_rate>
      <cart_discount>1.85</cart_discount>
      <tax_type>GROSS</tax_type>
      <coupon>9VKHM77MZ434</coupon>
    </item>
    <item>
      <id>27193</id>
      <name>Spaghetti Frutti di Mare</name>
      <total_item_price>12</total_item_price>
      <price>12</price>
      <quantity>1</quantity>
      <instructions/>
      <type>item</type>
      <type_id>844</type_id>
      <tax_rate>0.19</tax_rate>
      <tax_value>1.6203</tax_value>
      <parent_id>27192</parent_id>
      <item_discount>0</item_discount>
      <cart_discount_rate>0.15432</cart_discount_rate>
      <cart_discount>1.85</cart_discount>
      <tax_type>GROSS</tax_type>
    </item>
    <item>
      <id>27194</id>
      <name>Free drink on any order $30+</name>
      <total_item_price>5</total_item_price>
      <price>0</price>
      <quantity>1</quantity>
      <instructions/>
      <type>promo_cart_item</type>
      <type_id>228</type_id>
      <tax_rate>0</tax_rate>
      <tax_value>0</tax_value>
      <parent_id/>
      <item_discount>5</item_discount>
      <cart_discount_rate>0.15432</cart_discount_rate>
      <cart_discount>0</cart_discount>
      <tax_type>GROSS</tax_type>
    </item>
    <item>
      <id>27195</id>
      <name>Cola</name>
      <total_item_price>5</total_item_price>
      <price>5</price>
      <quantity>1</quantity>
      <instructions/>
      <type>item</type>
      <type_id>2716</type_id>
      <tax_rate>0.19</tax_rate>
      <tax_value>0</tax_value>
      <parent_id>27194</parent_id>
      <item_discount>5</item_discount>
      <cart_discount_rate>0.15432</cart_discount_rate>
      <cart_discount>0</cart_discount>
      <tax_type>GROSS</tax_type>
      <option>
        <id>20096</id>
        <name>Cola light</name>
        <price>0</price>
        <group_name>Which cola</group_name>
        <quantity>1</quantity>
        <type>option</type>
        <type_id>3873</type_id>
      </option>
    </item>
    <item>
      <id>27196</id>
      <name>Service fee subtotal 1</name>
      <total_item_price>10</total_item_price>
      <price>10</price>
      <quantity>1</quantity>
      <instructions/>
      <type>service_fee_subtotal</type>
      <type_id>123</type_id>
      <tax_rate>0.19</tax_rate>
      <tax_value>1.5966</tax_value>
      <parent_id/>
      <item_discount>0</item_discount>
      <cart_discount_rate>0</cart_discount_rate>
      <cart_discount>0</cart_discount>
      <tax_type>GROSS</tax_type>
    </item>
    <item>
      <id>27197</id>
      <name>Service fee subtotal 2</name>
      <total_item_price>5</total_item_price>
      <price>5</price>
      <quantity>1</quantity>
      <instructions/>
      <type>service_fee_subtotal</type>
      <type_id>125</type_id>
      <tax_rate>0.19</tax_rate>
      <tax_value>0.7983</tax_value>
      <parent_id/>
      <item_discount>0</item_discount>
      <cart_discount_rate>0</cart_discount_rate>
      <cart_discount>0</cart_discount>
      <tax_type>GROSS</tax_type>
    </item>
    <item>
      <id>27198</id>
      <name>Cash discount</name>
      <total_item_price>5</total_item_price>
      <price>-5</price>
      <quantity>1</quantity>
      <instructions/>
      <type>cash_discount</type>
      <type_id>125</type_id>
      <tax_rate>0.19</tax_rate>
      <tax_value>-0.7983</tax_value>
      <parent_id/>
      <item_discount>0</item_discount>
      <cart_discount_rate>0</cart_discount_rate>
      <cart_discount>0</cart_discount>
      <tax_type>GROSS</tax_type>
    </item>
    <item>
      <id>27199</id>
      <name>Service fee total</name>
      <total_item_price>20</total_item_price>
      <price>20</price>
      <quantity>1</quantity>
      <instructions/>
      <type>service_fee_total</type>
      <type_id>124</type_id>
      <tax_rate>0.19</tax_rate>
      <tax_value>3.1932</tax_value>
      <parent_id/>
      <item_discount>0</item_discount>
      <cart_discount_rate>0</cart_discount_rate>
      <cart_discount>0</cart_discount>
      <tax_type>GROSS</tax_type>
    </item>
  </order>
</root>
