<?xml version="1.0" encoding="UTF-8" standalone="yes"?>
<root>
  <count>1</count>
  <order>
    <tax_list>
      <type>delivery_fee</type>
      <value>1.9</value>
      <rate>0.19</rate>
    </tax_list>
    <tax_list>
      <type>tip</type>
      <value>1.1</value>
      <rate>0.19</rate>
    </tax_list>
    <tax_list>
      <type>item</type>
      <value>9.08</value>
      <rate>0.19</rate>
    </tax_list>
    <tax_list>
      <type>fees_discounts_subtotal</type>
      <value>1.90</value>
      <rate>0.19</rate>
    </tax_list>
    <tax_list>
      <type>service_fee_total</type>
      <value>3.80</value>
      <rate>0.19</rate>
    </tax_list>
    <id>6816</id>
    <total_price>75.66</total_price>
    <sub_total_price>47.8</sub_total_price>
    <tax_value>12.08</tax_value>
    <persons>0</persons>
    <latitude>40.802554599183225</latitude>
    <longitude>-73.9407224846558</longitude>
    <client_first_name>John</client_first_name>
    <client_last_name>Doe</client_last_name>
    <client_email>john.doe@gmail.com</client_email>
    <client_phone>+12126871225</client_phone>
    <restaurant_name>Pronto</restaurant_name>
    <instructions>Please call when you arrive at the gate</instructions>
    <currency>USD</currency>
    <type>delivery</type>
    <status>accepted</status>
    <missed_reason/>
    <source>admin</source>
    <pin_skipped>false</pin_skipped>
    <accepted_at>2019-05-29T14:45:19.000Z</accepted_at>
    <tax_type>NET</tax_type>
    <tax_name>Sales tax</tax_name>
    <fulfill_at>2019-05-29T15:40:19.000Z</fulfill_at>
    <updated_at>2019-05-29T15:40:19.000Z</updated_at>
    <reference/>
    <restaurant_id>195</restaurant_id>
    <client_id>756</client_id>
    <restaurant_phone>+12126871145</restaurant_phone>
    <restaurant_timezone>America/New_York</restaurant_timezone>
    <company_account_id>100195</company_account_id>
    <pos_system_id>29</pos_system_id>
    <restaurant_key>LnCRs1RB9h91E27r5l4vvybBTkXIh7evG</restaurant_key>
    <restaurant_country>United States</restaurant_country>
    <restaurant_city>Manhattan</restaurant_city>
    <restaurant_state>New York</restaurant_state>
    <restaurant_zipcode>031534</restaurant_zipcode>
    <restaurant_street>Park avenue 78</restaurant_street>
    <restaurant_latitude>40.75009928615015</restaurant_latitude>
    <restaurant_longitude>-73.97940823862302</restaurant_longitude>
    <restaurant_token>TOKEN</restaurant_token>
    <api_version>2</api_version>
    <payment>ONLINE</payment>
    <for_later>false</for_later>
    <fulfillment_option>null</fulfillment_option>
    <client_marketing_consent>true</client_marketing_consent>
    <client_address>Park avenue 121, Manhattan</client_address>
    <client_address_parts>
      <street>Park avenue 121</street>
      <city>Manhattan</city>
    </client_address_parts>
    <item>
      <id>27160</id>
      <name>DELIVERY_FEE</name>
      <total_item_price>10</total_item_price>
      <price>10</price>
      <quantity>1</quantity>
      <instructions/>
      <type>delivery_fee</type>
      <type_id/>
      <tax_rate>0.19</tax_rate>
      <tax_value>1.9</tax_value>
      <parent_id/>
      <item_discount>0</item_discount>
      <cart_discount_rate>0</cart_discount_rate>
      <cart_discount>0</cart_discount>
      <tax_type>NET</tax_type>
    </item>
    <item>
      <id>27161</id>
      <name>TIP</name>
      <total_item_price>6.88</total_item_price>
      <price>6.88</price>
      <quantity>1</quantity>
      <instructions/>
      <type>tip</type>
      <type_id/>
      <tax_rate>0.19</tax_rate>
      <tax_value>1.0985</tax_value>
      <parent_id/>
      <item_discount>0</item_discount>
      <cart_discount_rate>0</cart_discount_rate>
      <cart_discount>0</cart_discount>
      <tax_type>GROSS</tax_type>
    </item>
    <item>
      <id>27162</id>
      <name>Pizza Margherita</name>
      <total_item_price>40.8</total_item_price>
      <price>7</price>
      <quantity>4</quantity>
      <instructions>No pepper please</instructions>
      <type>item</type>
      <type_id>841</type_id>
      <tax_rate>0.19</tax_rate>
      <tax_value>6.1923</tax_value>
      <parent_id/>
      <item_discount>0</item_discount>
      <cart_discount_rate>0.0947</cart_discount_rate>
      <cart_discount>3.86</cart_discount>
      <tax_type>NET</tax_type>
      <option>
        <id>20085</id>
        <name>Large</name>
        <price>2</price>
        <group_name>Size</group_name>
        <quantity>1</quantity>
        <type>size</type>
        <type_id>798</type_id>
      </option>
      <option>
        <id>20086</id>
        <name>Extra mozzarella</name>
        <price>1.2</price>
        <group_name>Extra Toppings (Small)</group_name>
        <quantity>1</quantity>
        <type>option</type>
        <type_id>1187</type_id>
      </option>
    </item>
    <item>
      <id>27163</id>
      <name>5$ off total for first time clients</name>
      <total_item_price>0</total_item_price>
      <price>0</price>
      <quantity>1</quantity>
      <instructions/>
      <type>promo_cart</type>
      <type_id>226</type_id>
      <tax_rate>0</tax_rate>
      <tax_value>0</tax_value>
      <parent_id/>
      <item_discount>5</item_discount>
      <cart_discount_rate>0.0947</cart_discount_rate>
      <cart_discount>-5</cart_discount>
      <tax_type>NET</tax_type>
      <coupon>MQGTLWWLGQRE</coupon>
    </item>
    <item>
      <id>27164</id>
      <name>Free drink on any order $30+</name>
      <total_item_price>5</total_item_price>
      <price>0</price>
      <quantity>1</quantity>
      <instructions/>
      <type>promo_cart_item</type>
      <type_id>228</type_id>
      <tax_rate>0</tax_rate>
      <tax_value>0</tax_value>
      <parent_id/>
      <item_discount>5</item_discount>
      <cart_discount_rate>0.0947</cart_discount_rate>
      <cart_discount>0</cart_discount>
      <tax_type>NET</tax_type>
    </item>
    <item>
      <id>27165</id>
      <name>Spaghetti Frutti di Mare</name>
      <total_item_price>12</total_item_price>
      <price>12</price>
      <quantity>1</quantity>
      <instructions/>
      <type>item</type>
      <type_id>844</type_id>
      <tax_rate>0.19</tax_rate>
      <tax_value>0</tax_value>
      <parent_id>27166</parent_id>
      <item_discount>12</item_discount>
      <cart_discount_rate>0.0947</cart_discount_rate>
      <cart_discount>0</cart_discount>
      <tax_type>NET</tax_type>
    </item>
    <item>
      <id>27166</id>
      <name>Buy one get other free</name>
      <total_item_price>24</total_item_price>
      <price>0</price>
      <quantity>1</quantity>
      <instructions/>
      <type>promo_item</type>
      <type_id>225</type_id>
      <tax_rate>0</tax_rate>
      <tax_value>0</tax_value>
      <parent_id/>
      <item_discount>12</item_discount>
      <cart_discount_rate>0.0947</cart_discount_rate>
      <cart_discount>1.14</cart_discount>
      <tax_type>NET</tax_type>
      <coupon>9VKHM77MZ434</coupon>
    </item>
    <item>
      <id>27167</id>
      <name>Spaghetti Frutti di Mare</name>
      <total_item_price>12</total_item_price>
      <price>12</price>
      <quantity>1</quantity>
      <instructions/>
      <type>item</type>
      <type_id>844</type_id>
      <tax_rate>0.19</tax_rate>
      <tax_value>2.0641</tax_value>
      <parent_id>27166</parent_id>
      <item_discount>0</item_discount>
      <cart_discount_rate>0.0947</cart_discount_rate>
      <cart_discount>1.14</cart_discount>
      <tax_type>NET</tax_type>
    </item>
    <item>
      <id>27168</id>
      <name>Cola</name>
      <total_item_price>5</total_item_price>
      <price>5</price>
      <quantity>1</quantity>
      <instructions/>
      <type>item</type>
      <type_id>2716</type_id>
      <tax_rate>0.19</tax_rate>
      <tax_value>0</tax_value>
      <parent_id>27164</parent_id>
      <item_discount>5</item_discount>
      <cart_discount_rate>0.0947</cart_discount_rate>
      <cart_discount>0</cart_discount>
      <tax_type>NET</tax_type>
      <option>
        <id>20087</id>
        <name>Cola light</name>
        <price>0</price>
        <group_name>Which cola</group_name>
        <quantity>1</quantity>
        <type>option</type>
        <type_id>3873</type_id>
      </option>
    </item>
    <item>
      <id>27196</id>
      <name>Service fee subtotal 1</name>
      <total_item_price>10</total_item_price>
      <price>10</price>
      <quantity>1</quantity>
      <instructions/>
      <type>service_fee_subtotal</type>
      <type_id>123</type_id>
      <tax_rate>0.19</tax_rate>
      <tax_value>1.9000</tax_value>
      <parent_id/>
      <item_discount>0</item_discount>
      <cart_discount_rate>0</cart_discount_rate>
      <cart_discount>0</cart_discount>
      <tax_type>NET</tax_type>
    </item>
    <item>
      <id>27197</id>
      <name>Service fee subtotal 2</name>
      <total_item_price>5</total_item_price>
      <price>5</price>
      <quantity>1</quantity>
      <instructions/>
      <type>service_fee_subtotal</type>
      <type_id>125</type_id>
      <tax_rate>0.19</tax_rate>
      <tax_value>0.9500</tax_value>
      <parent_id/>
      <item_discount>0</item_discount>
      <cart_discount_rate>0</cart_discount_rate>
      <cart_discount>0</cart_discount>
      <tax_type>NET</tax_type>
    </item>
    <item>
      <id>27198</id>
      <name>Cash discount</name>
      <total_item_price>5</total_item_price>
      <price>-5</price>
      <quantity>1</quantity>
      <instructions/>
      <type>cash_discount</type>
      <type_id>125</type_id>
      <tax_rate>0.19</tax_rate>
      <tax_value>-0.9500</tax_value>
      <parent_id/>
      <item_discount>0</item_discount>
      <cart_discount_rate>0</cart_discount_rate>
      <cart_discount>0</cart_discount>
      <tax_type>NET</tax_type>
    </item>
    <item>
      <id>27199</id>
      <name>Service fee total</name>
      <total_item_price>20</total_item_price>
      <price>20</price>
      <quantity>1</quantity>
      <instructions/>
      <type>service_fee_total</type>
      <type_id>124</type_id>
      <tax_rate>0.19</tax_rate>
      <tax_value>3.8000</tax_value>
      <parent_id/>
      <item_discount>0</item_discount>
      <cart_discount_rate>0</cart_discount_rate>
      <cart_discount>0</cart_discount>
      <tax_type>NET</tax_type>
    </item>
  </order>
</root>
