{
    "count": 1,
    "orders": [
        {
            "coupons": [],
            "id": 776079,
            "restaurant_id": 4172,
            "company_account_id": 104174,
            "user_id": 188995,
            "app_instance_id": null,
            "source": "website",
            "type": "delivery",
            "status": "accepted",
            "confirmed_at": "2016-02-03T16:46:26.000Z",
            "finished": "undefined",
            "retrieved": true,
            "retrieved_at": "2016-02-03T16:46:18.000Z",
            "sub_total_price": 47.88,
            "taxes": 4.13,
            "total_price": 62.41,
            "delivery_fee": 5,
            "delivery_time": 30,
            "client_first_name": "Donald",
            "client_last_name": "Draper",
            "client_email": "don.draper@globalfoodsoft.com",
            "client_phone": "+15551234567",
            "client_address": "21st Market Street, San Francisco",
            "client_address_parts": {
                "street": "21st Market Street",
                "city": "San Francisco"
            },
            "restaurant_name": "John's Excellent Pizza",
            "instructions": null,
            "postpone": 0,
            "currency": "USD",
            "created_at": "2016-02-03T16:45:37.000Z",
            "updated_at": "2016-02-03T16:46:26.000Z",
            "latitude": "37.79448725889753",
            "longitude": "-122.395311680426",
            "outside_delivery": true,
            "pickup_payment": null,
            "delivery_payment": "ONLINE",
            "sales_tax": 0.07,
            "sales_tax_type": "NET",
            "sales_tax_label": "Sales Tax",
            "sales_tax_delivery": 0.1,
            "fulfill_time": "2016-02-03T17:16:26.000Z",
            "timeout_time": "2016-02-03T16:50:16.000Z",
            "payment_method_id": null,
            "minimum_order": 30,
            "pin_skipped": false,
            "tip": 0.1,
            "referrer_order_id": null,
            "share_text": null,
            "aggregated": 0,
            "delivery_zone_id": null,
            "language_code": "en",
            "items": [
                {
                    "id": 1678273,
                    "order_id": 776079,
                    "menu_item_id": null,
                    "name": "DELIVERY_FEE",
                    "total_item_price": 5,
                    "price": 5,
                    "quantity": 1,
                    "instructions": null,
                    "created_at": "2016-02-03T16:45:37.000Z",
                    "updated_at": "2016-02-03T16:45:37.000Z",
                    "type_id": null,
                    "type": "delivery_fee",
                    "tax_rate": 0.1,
                    "tax_value": 0.5,
                    "parent_id": null,
                    "promotion_complete": false,
                    "total_discount_rate": 0,
                    "total_discount_value": 0,
                    "tax_type": "NET",
                    "aggregated": 0,
                    "discount": 0,
                    "type_category_id": null,
                    "promo_cart_percent": null,
                    "promo_cart_fix": null,
                    "options": []
                },
                {
                    "id": 1678274,
                    "order_id": 776079,
                    "menu_item_id": null,
                    "name": "TIP",
                    "total_item_price": 5.67,
                    "price": 5.67,
                    "quantity": 1,
                    "instructions": null,
                    "created_at": "2016-02-03T16:45:37.000Z",
                    "updated_at": "2016-02-03T16:46:15.000Z",
                    "type_id": null,
                    "type": "tip",
                    "tax_rate": 0.05,
                    "tax_value": 0.2702,
                    "parent_id": null,
                    "promotion_complete": false,
                    "total_discount_rate": 0,
                    "total_discount_value": 0,
                    "tax_type": "GROSS",
                    "aggregated": 0,
                    "discount": 0,
                    "type_category_id": null,
                    "promo_cart_percent": null,
                    "promo_cart_fix": null,
                    "options": []
                },
                {
                    "id": 1678275,
                    "order_id": 776079,
                    "menu_item_id": 58424,
                    "name": "Pizza Margherita",
                    "total_item_price": 8.2,
                    "price": 7,
                    "quantity": 1,
                    "instructions": "",
                    "created_at": "2016-02-03T16:45:43.000Z",
                    "updated_at": "2016-02-03T16:45:52.000Z",
                    "type_id": 58424,
                    "type": "item",
                    "tax_rate": 0.07,
                    "tax_value": 0,
                    "parent_id": 1678282,
                    "promotion_complete": false,
                    "total_discount_rate": 0,
                    "total_discount_value": 0,
                    "tax_type": "NET",
                    "aggregated": 0,
                    "discount": 8.2,
                    "type_category_id": 14937,
                    "promo_cart_percent": null,
                    "promo_cart_fix": null,
                    "options": [
                        {
                            "id": 1771286,
                            "order_item_id": 1678275,
                            "option_id": 37086,
                            "name": "Small",
                            "price": 0,
                            "group_name": "Size",
                            "created_at": "2016-02-03T16:45:43.000Z",
                            "updated_at": "2016-02-03T16:45:43.000Z",
                            "quantity": 1,
                            "type": "size"
                        },
                        {
                            "id": 1771287,
                            "order_item_id": 1678275,
                            "option_id": 51187,
                            "name": "Crispy",
                            "price": 0,
                            "group_name": "Crust",
                            "created_at": "2016-02-03T16:45:43.000Z",
                            "updated_at": "2016-02-03T16:45:43.000Z",
                            "quantity": 1,
                            "type": "option"
                        },
                        {
                            "id": 1771288,
                            "order_item_id": 1678275,
                            "option_id": 51189,
                            "name": "Extra mozzarella",
                            "price": 1.2,
                            "group_name": "Extra Toppings (Small)",
                            "created_at": "2016-02-03T16:45:43.000Z",
                            "updated_at": "2016-02-03T16:45:43.000Z",
                            "quantity": 1,
                            "type": "option"
                        }
                    ]
                },
                {
                    "id": 1678277,
                    "order_id": 776079,
                    "menu_item_id": 58425,
                    "name": "Pizza Prosciutto",
                    "total_item_price": 11.7,
                    "price": 8,
                    "quantity": 1,
                    "instructions": "",
                    "created_at": "2016-02-03T16:45:46.000Z",
                    "updated_at": "2016-02-03T16:45:52.000Z",
                    "type_id": 58425,
                    "type": "item",
                    "tax_rate": 0.07,
                    "tax_value": 0.819,
                    "parent_id": 1678282,
                    "promotion_complete": false,
                    "total_discount_rate": 0,
                    "total_discount_value": 0,
                    "tax_type": "NET",
                    "aggregated": 0,
                    "discount": 0,
                    "type_category_id": 14937,
                    "promo_cart_percent": null,
                    "promo_cart_fix": null,
                    "options": [
                        {
                            "id": 1771289,
                            "order_item_id": 1678277,
                            "option_id": 37089,
                            "name": "Large",
                            "price": 2,
                            "group_name": "Size",
                            "created_at": "2016-02-03T16:45:46.000Z",
                            "updated_at": "2016-02-03T16:45:46.000Z",
                            "quantity": 1,
                            "type": "size"
                        },
                        {
                            "id": 1771290,
                            "order_item_id": 1678277,
                            "option_id": 51187,
                            "name": "Crispy",
                            "price": 0,
                            "group_name": "Crust",
                            "created_at": "2016-02-03T16:45:46.000Z",
                            "updated_at": "2016-02-03T16:45:46.000Z",
                            "quantity": 1,
                            "type": "option"
                        },
                        {
                            "id": 1771291,
                            "order_item_id": 1678277,
                            "option_id": 51191,
                            "name": "Extra mozzarella",
                            "price": 1.7,
                            "group_name": "Extra Toppings (Large)",
                            "created_at": "2016-02-03T16:45:46.000Z",
                            "updated_at": "2016-02-03T16:45:46.000Z",
                            "quantity": 1,
                            "type": "option"
                        }
                    ]
                },
                {
                    "id": 1678281,
                    "order_id": 776079,
                    "menu_item_id": 58425,
                    "name": "Pizza Prosciutto",
                    "total_item_price": 8.7,
                    "price": 8,
                    "quantity": 1,
                    "instructions": "",
                    "created_at": "2016-02-03T16:45:51.000Z",
                    "updated_at": "2016-02-03T16:45:52.000Z",
                    "type_id": 58425,
                    "type": "item",
                    "tax_rate": 0.07,
                    "tax_value": 0.609,
                    "parent_id": 1678282,
                    "promotion_complete": false,
                    "total_discount_rate": 0,
                    "total_discount_value": 0,
                    "tax_type": "NET",
                    "aggregated": 0,
                    "discount": 0,
                    "type_category_id": 14937,
                    "promo_cart_percent": null,
                    "promo_cart_fix": null,
                    "options": [
                        {
                            "id": 1771294,
                            "order_item_id": 1678281,
                            "option_id": 37088,
                            "name": "Small",
                            "price": 0,
                            "group_name": "Size",
                            "created_at": "2016-02-03T16:45:51.000Z",
                            "updated_at": "2016-02-03T16:45:51.000Z",
                            "quantity": 1,
                            "type": "size"
                        },
                        {
                            "id": 1771295,
                            "order_item_id": 1678281,
                            "option_id": 51186,
                            "name": "Fluffy",
                            "price": 0,
                            "group_name": "Crust",
                            "created_at": "2016-02-03T16:45:51.000Z",
                            "updated_at": "2016-02-03T16:45:51.000Z",
                            "quantity": 1,
                            "type": "option"
                        },
                        {
                            "id": 1771296,
                            "order_item_id": 1678281,
                            "option_id": 51188,
                            "name": "Corn",
                            "price": 0.7,
                            "group_name": "Extra Toppings (Small)",
                            "created_at": "2016-02-03T16:45:51.000Z",
                            "updated_at": "2016-02-03T16:45:51.000Z",
                            "quantity": 1,
                            "type": "option"
                        }
                    ]
                },
                {
                    "id": 1678282,
                    "order_id": 776079,
                    "menu_item_id": null,
                    "name": "2 + 1 Pizza Special",
                    "total_item_price": 28.6,
                    "price": 0,
                    "quantity": 1,
                    "instructions": null,
                    "created_at": "2016-02-03T16:45:51.000Z",
                    "updated_at": "2016-02-03T16:45:56.000Z",
                    "type_id": 251,
                    "type": "promo_item",
                    "tax_rate": 0.07,
                    "tax_value": 1.3566,
                    "parent_id": null,
                    "promotion_complete": true,
                    "total_discount_rate": 0.05,
                    "total_discount_value": 1.02,
                    "tax_type": "NET",
                    "aggregated": 0,
                    "discount": 8.2,
                    "type_category_id": 25,
                    "promo_cart_percent": null,
                    "promo_cart_fix": null,
                    "options": []
                },
                {
                    "id": 1678284,
                    "order_id": 776079,
                    "menu_item_id": 58426,
                    "name": "Spaghetti Bolognese",
                    "total_item_price": 18,
                    "price": 9,
                    "quantity": 2,
                    "instructions": "",
                    "created_at": "2016-02-03T16:45:54.000Z",
                    "updated_at": "2016-02-03T16:45:56.000Z",
                    "type_id": 58426,
                    "type": "item",
                    "tax_rate": 0.07,
                    "tax_value": 1.197,
                    "parent_id": null,
                    "promotion_complete": false,
                    "total_discount_rate": 0.05,
                    "total_discount_value": 0.9,
                    "tax_type": "NET",
                    "aggregated": 0,
                    "discount": 0,
                    "type_category_id": 14938,
                    "promo_cart_percent": null,
                    "promo_cart_fix": null,
                    "options": []
                },
                {
                    "id": 1678286,
                    "order_id": 776079,
                    "menu_item_id": 58427,
                    "name": "Spaghetti Frutti di Mare",
                    "total_item_price": 12,
                    "price": 12,
                    "quantity": 1,
                    "instructions": "",
                    "created_at": "2016-02-03T16:45:56.000Z",
                    "updated_at": "2016-02-03T16:45:56.000Z",
                    "type_id": 58427,
                    "type": "item",
                    "tax_rate": 0.07,
                    "tax_value": 0.798,
                    "parent_id": null,
                    "promotion_complete": false,
                    "total_discount_rate": 0.05,
                    "total_discount_value": 0.6,
                    "tax_type": "NET",
                    "aggregated": 0,
                    "discount": 0,
                    "type_category_id": 14938,
                    "promo_cart_percent": null,
                    "promo_cart_fix": null,
                    "options": []
                },
                {
                    "id": 1678287,
                    "order_id": 776079,
                    "menu_item_id": null,
                    "name": "5% off total larger than 40$",
                    "total_item_price": 0,
                    "price": 0,
                    "quantity": 1,
                    "instructions": null,
                    "created_at": "2016-02-03T16:45:56.000Z",
                    "updated_at": "2016-02-03T16:46:15.000Z",
                    "type_id": 250,
                    "type": "promo_cart",
                    "tax_rate": 0.07,
                    "tax_value": 0,
                    "parent_id": null,
                    "promotion_complete": true,
                    "total_discount_rate": 0.05,
                    "total_discount_value": -2.52,
                    "tax_type": "NET",
                    "aggregated": 0,
                    "discount": 2.52,
                    "type_category_id": 9,
                    "promo_cart_percent": 0.05,
                    "promo_cart_fix": null,
                    "options": []
                }
            ],
            "items_taxes": 3.35,
            "delivery_taxes": 0.5,
            "pos_system_id": 1,
            "restaurant_key": "8yCPCvb3dDo1k",
            "restaurant_token": "id-9389",
            "api_version": 1
        }
    ]
}
