<?xml version="1.0" encoding="UTF-8" standalone="yes"?>
<root>
    <count>1</count>
    <order>
        <id>776043</id>
        <restaurant_id>4172</restaurant_id>
        <company_account_id>104174</company_account_id>
        <user_id>188995</user_id>
        <app_instance_id/>
        <source>website</source>
        <type>delivery</type>
        <status>accepted</status>
        <confirmed_at>2016-02-03T16:44:00.000Z</confirmed_at>
        <finished>undefined</finished>
        <retrieved>true</retrieved>
        <retrieved_at>2016-02-03T16:43:51.000Z</retrieved_at>
        <sub_total_price>47.88</sub_total_price>
        <taxes>4.13</taxes>
        <total_price>62.41</total_price>
        <delivery_fee>5</delivery_fee>
        <delivery_time>30</delivery_time>
        <client_first_name>Donald</client_first_name>
        <client_last_name>Draper</client_last_name>
        <client_email>don.draper@globalfoodsoft.com</client_email>
        <client_phone>+15551234567</client_phone>
        <client_address>21st Market Street, San Francisco</client_address>
        <client_address_parts>
            <street>21st Market Street</street>
            <city>San Francisco</city>
        </client_address_parts>
        <restaurant_name>John's Excellent Pizza</restaurant_name>
        <instructions/>
        <postpone>0</postpone>
        <currency>USD</currency>
        <created_at>2016-02-03T16:42:33.000Z</created_at>
        <updated_at>2016-02-03T16:44:00.000Z</updated_at>
        <latitude>37.79448725889753</latitude>
        <longitude>-122.395311680426</longitude>
        <outside_delivery>true</outside_delivery>
        <pickup_payment/>
        <delivery_payment>ONLINE</delivery_payment>
        <sales_tax>0.07</sales_tax>
        <sales_tax_type>NET</sales_tax_type>
        <sales_tax_label>Sales Tax</sales_tax_label>
        <sales_tax_delivery>0.1</sales_tax_delivery>
        <fulfill_time>2016-02-03T17:14:00.000Z</fulfill_time>
        <timeout_time>2016-02-03T16:47:49.000Z</timeout_time>
        <payment_method_id/>
        <minimum_order>30</minimum_order>
        <pin_skipped>false</pin_skipped>
        <tip>0.1</tip>
        <referrer_order_id/>
        <share_text/>
        <aggregated>0</aggregated>
        <delivery_zone_id/>
        <language_code>en</language_code>
        <items_taxes>3.35</items_taxes>
        <delivery_taxes>0.5</delivery_taxes>
        <pos_system_id>1</pos_system_id>
        <restaurant_key>8yCPCvb3dDo1k</restaurant_key>
        <restaurant_token>id-9389</restaurant_token>
        <api_version>1</api_version>
        <item>
            <id>1678236</id>
            <order_id>776043</order_id>
            <menu_item_id/>
            <name>DELIVERY_FEE</name>
            <total_item_price>5</total_item_price>
            <price>5</price>
            <quantity>1</quantity>
            <instructions/>
            <created_at>2016-02-03T16:42:33.000Z</created_at>
            <updated_at>2016-02-03T16:42:34.000Z</updated_at>
            <type_id/>
            <type>delivery_fee</type>
            <tax_rate>0.1</tax_rate>
            <tax_value>0.5</tax_value>
            <parent_id/>
            <promotion_complete>false</promotion_complete>
            <total_discount_rate>0</total_discount_rate>
            <total_discount_value>0</total_discount_value>
            <tax_type>NET</tax_type>
            <aggregated>0</aggregated>
            <discount>0</discount>
            <type_category_id/>
            <promo_cart_percent/>
            <promo_cart_fix/>
        </item>
        <item>
            <id>1678237</id>
            <order_id>776043</order_id>
            <menu_item_id/>
            <name>TIP</name>
            <total_item_price>5.67</total_item_price>
            <price>5.67</price>
            <quantity>1</quantity>
            <instructions/>
            <created_at>2016-02-03T16:42:33.000Z</created_at>
            <updated_at>2016-02-03T16:43:48.000Z</updated_at>
            <type_id/>
            <type>tip</type>
            <tax_rate>0.05</tax_rate>
            <tax_value>0.2702</tax_value>
            <parent_id/>
            <promotion_complete>false</promotion_complete>
            <total_discount_rate>0</total_discount_rate>
            <total_discount_value>0</total_discount_value>
            <tax_type>GROSS</tax_type>
            <aggregated>0</aggregated>
            <discount>0</discount>
            <type_category_id/>
            <promo_cart_percent/>
            <promo_cart_fix/>
        </item>
        <item>
            <id>1678240</id>
            <order_id>776043</order_id>
            <menu_item_id>58424</menu_item_id>
            <name>Pizza Margherita</name>
            <total_item_price>8.2</total_item_price>
            <price>7</price>
            <quantity>1</quantity>
            <instructions/>
            <created_at>2016-02-03T16:42:44.000Z</created_at>
            <updated_at>2016-02-03T16:42:57.000Z</updated_at>
            <type_id>58424</type_id>
            <type>item</type>
            <tax_rate>0.07</tax_rate>
            <tax_value>0</tax_value>
            <parent_id>1678245</parent_id>
            <promotion_complete>false</promotion_complete>
            <total_discount_rate>0</total_discount_rate>
            <total_discount_value>0</total_discount_value>
            <tax_type>NET</tax_type>
            <aggregated>0</aggregated>
            <discount>8.2</discount>
            <type_category_id>14937</type_category_id>
            <promo_cart_percent/>
            <promo_cart_fix/>
            <option>
                <id>1771255</id>
                <order_item_id>1678240</order_item_id>
                <option_id>37086</option_id>
                <name>Small</name>
                <price>0</price>
                <group_name>Size</group_name>
                <created_at>2016-02-03T16:42:44.000Z</created_at>
                <updated_at>2016-02-03T16:42:44.000Z</updated_at>
                <quantity>1</quantity>
                <type>size</type>
            </option>
            <option>
                <id>1771256</id>
                <order_item_id>1678240</order_item_id>
                <option_id>51187</option_id>
                <name>Crispy</name>
                <price>0</price>
                <group_name>Crust</group_name>
                <created_at>2016-02-03T16:42:44.000Z</created_at>
                <updated_at>2016-02-03T16:42:44.000Z</updated_at>
                <quantity>1</quantity>
                <type>option</type>
            </option>
            <option>
                <id>1771257</id>
                <order_item_id>1678240</order_item_id>
                <option_id>51189</option_id>
                <name>Extra mozzarella</name>
                <price>1.2</price>
                <group_name>Extra Toppings (Small)</group_name>
                <created_at>2016-02-03T16:42:44.000Z</created_at>
                <updated_at>2016-02-03T16:42:44.000Z</updated_at>
                <quantity>1</quantity>
                <type>option</type>
            </option>
        </item>
        <item>
            <id>1678242</id>
            <order_id>776043</order_id>
            <menu_item_id>58425</menu_item_id>
            <name>Pizza Prosciutto</name>
            <total_item_price>11.7</total_item_price>
            <price>8</price>
            <quantity>1</quantity>
            <instructions/>
            <created_at>2016-02-03T16:42:49.000Z</created_at>
            <updated_at>2016-02-03T16:42:57.000Z</updated_at>
            <type_id>58425</type_id>
            <type>item</type>
            <tax_rate>0.07</tax_rate>
            <tax_value>0.819</tax_value>
            <parent_id>1678245</parent_id>
            <promotion_complete>false</promotion_complete>
            <total_discount_rate>0</total_discount_rate>
            <total_discount_value>0</total_discount_value>
            <tax_type>NET</tax_type>
            <aggregated>0</aggregated>
            <discount>0</discount>
            <type_category_id>14937</type_category_id>
            <promo_cart_percent/>
            <promo_cart_fix/>
            <option>
                <id>1771258</id>
                <order_item_id>1678242</order_item_id>
                <option_id>37089</option_id>
                <name>Large</name>
                <price>2</price>
                <group_name>Size</group_name>
                <created_at>2016-02-03T16:42:50.000Z</created_at>
                <updated_at>2016-02-03T16:42:50.000Z</updated_at>
                <quantity>1</quantity>
                <type>size</type>
            </option>
            <option>
                <id>1771259</id>
                <order_item_id>1678242</order_item_id>
                <option_id>51187</option_id>
                <name>Crispy</name>
                <price>0</price>
                <group_name>Crust</group_name>
                <created_at>2016-02-03T16:42:50.000Z</created_at>
                <updated_at>2016-02-03T16:42:50.000Z</updated_at>
                <quantity>1</quantity>
                <type>option</type>
            </option>
            <option>
                <id>1771260</id>
                <order_item_id>1678242</order_item_id>
                <option_id>51191</option_id>
                <name>Extra mozzarella</name>
                <price>1.7</price>
                <group_name>Extra Toppings (Large)</group_name>
                <created_at>2016-02-03T16:42:50.000Z</created_at>
                <updated_at>2016-02-03T16:42:50.000Z</updated_at>
                <quantity>1</quantity>
                <type>option</type>
            </option>
        </item>
        <item>
            <id>1678243</id>
            <order_id>776043</order_id>
            <menu_item_id>58425</menu_item_id>
            <name>Pizza Prosciutto</name>
            <total_item_price>8.7</total_item_price>
            <price>8</price>
            <quantity>1</quantity>
            <instructions/>
            <created_at>2016-02-03T16:42:56.000Z</created_at>
            <updated_at>2016-02-03T16:42:57.000Z</updated_at>
            <type_id>58425</type_id>
            <type>item</type>
            <tax_rate>0.07</tax_rate>
            <tax_value>0.609</tax_value>
            <parent_id>1678245</parent_id>
            <promotion_complete>false</promotion_complete>
            <total_discount_rate>0</total_discount_rate>
            <total_discount_value>0</total_discount_value>
            <tax_type>NET</tax_type>
            <aggregated>0</aggregated>
            <discount>0</discount>
            <type_category_id>14937</type_category_id>
            <promo_cart_percent/>
            <promo_cart_fix/>
            <option>
                <id>1771261</id>
                <order_item_id>1678243</order_item_id>
                <option_id>37088</option_id>
                <name>Small</name>
                <price>0</price>
                <group_name>Size</group_name>
                <created_at>2016-02-03T16:42:56.000Z</created_at>
                <updated_at>2016-02-03T16:42:56.000Z</updated_at>
                <quantity>1</quantity>
                <type>size</type>
            </option>
            <option>
                <id>1771263</id>
                <order_item_id>1678243</order_item_id>
                <option_id>51186</option_id>
                <name>Fluffy</name>
                <price>0</price>
                <group_name>Crust</group_name>
                <created_at>2016-02-03T16:42:56.000Z</created_at>
                <updated_at>2016-02-03T16:42:56.000Z</updated_at>
                <quantity>1</quantity>
                <type>option</type>
            </option>
            <option>
                <id>1771265</id>
                <order_item_id>1678243</order_item_id>
                <option_id>51188</option_id>
                <name>Corn</name>
                <price>0.7</price>
                <group_name>Extra Toppings (Small)</group_name>
                <created_at>2016-02-03T16:42:56.000Z</created_at>
                <updated_at>2016-02-03T16:42:56.000Z</updated_at>
                <quantity>1</quantity>
                <type>option</type>
            </option>
        </item>
        <item>
            <id>1678245</id>
            <order_id>776043</order_id>
            <menu_item_id/>
            <name>2 + 1 Pizza Special</name>
            <total_item_price>28.6</total_item_price>
            <price>0</price>
            <quantity>1</quantity>
            <instructions/>
            <created_at>2016-02-03T16:42:57.000Z</created_at>
            <updated_at>2016-02-03T16:43:02.000Z</updated_at>
            <type_id>251</type_id>
            <type>promo_item</type>
            <tax_rate>0.07</tax_rate>
            <tax_value>1.3566</tax_value>
            <parent_id/>
            <promotion_complete>true</promotion_complete>
            <total_discount_rate>0.05</total_discount_rate>
            <total_discount_value>1.02</total_discount_value>
            <tax_type>NET</tax_type>
            <aggregated>0</aggregated>
            <discount>8.2</discount>
            <type_category_id>25</type_category_id>
            <promo_cart_percent/>
            <promo_cart_fix/>
        </item>
        <item>
            <id>1678246</id>
            <order_id>776043</order_id>
            <menu_item_id>58426</menu_item_id>
            <name>Spaghetti Bolognese</name>
            <total_item_price>18</total_item_price>
            <price>9</price>
            <quantity>2</quantity>
            <instructions/>
            <created_at>2016-02-03T16:43:00.000Z</created_at>
            <updated_at>2016-02-03T16:43:02.000Z</updated_at>
            <type_id>58426</type_id>
            <type>item</type>
            <tax_rate>0.07</tax_rate>
            <tax_value>1.197</tax_value>
            <parent_id/>
            <promotion_complete>false</promotion_complete>
            <total_discount_rate>0.05</total_discount_rate>
            <total_discount_value>0.9</total_discount_value>
            <tax_type>NET</tax_type>
            <aggregated>0</aggregated>
            <discount>0</discount>
            <type_category_id>14938</type_category_id>
            <promo_cart_percent/>
            <promo_cart_fix/>
        </item>
        <item>
            <id>1678247</id>
            <order_id>776043</order_id>
            <menu_item_id>58427</menu_item_id>
            <name>Spaghetti Frutti di Mare</name>
            <total_item_price>12</total_item_price>
            <price>12</price>
            <quantity>1</quantity>
            <instructions/>
            <created_at>2016-02-03T16:43:02.000Z</created_at>
            <updated_at>2016-02-03T16:43:02.000Z</updated_at>
            <type_id>58427</type_id>
            <type>item</type>
            <tax_rate>0.07</tax_rate>
            <tax_value>0.798</tax_value>
            <parent_id/>
            <promotion_complete>false</promotion_complete>
            <total_discount_rate>0.05</total_discount_rate>
            <total_discount_value>0.6</total_discount_value>
            <tax_type>NET</tax_type>
            <aggregated>0</aggregated>
            <discount>0</discount>
            <type_category_id>14938</type_category_id>
            <promo_cart_percent/>
            <promo_cart_fix/>
        </item>
        <item>
            <id>1678248</id>
            <order_id>776043</order_id>
            <menu_item_id/>
            <name>5% off total larger than 40$</name>
            <total_item_price>0</total_item_price>
            <price>0</price>
            <quantity>1</quantity>
            <instructions/>
            <created_at>2016-02-03T16:43:02.000Z</created_at>
            <updated_at>2016-02-03T16:43:48.000Z</updated_at>
            <type_id>250</type_id>
            <type>promo_cart</type>
            <tax_rate>0.07</tax_rate>
            <tax_value>0</tax_value>
            <parent_id/>
            <promotion_complete>true</promotion_complete>
            <total_discount_rate>0.05</total_discount_rate>
            <total_discount_value>-2.52</total_discount_value>
            <tax_type>NET</tax_type>
            <aggregated>0</aggregated>
            <discount>2.52</discount>
            <type_category_id>9</type_category_id>
            <promo_cart_percent>0.05</promo_cart_percent>
            <promo_cart_fix/>
        </item>
    </order>
</root>
